source,author,title,description,url,urlToImage,publishedAt,content
"{'id': None, 'name': 'Gizmodo.com'}",Kyle Torpey,‘Smoke Weed and Earn Bitcoin’ with This Vape Pen in Our Increasingly Dystopian Nightmare,Should we really be adding gamification features to getting high?,https://gizmodo.com/smoke-weed-and-earn-bitcoin-with-this-vape-pen-in-our-increasingly-dystopian-nightmare-2000759783,https://gizmodo.com/app/uploads/2025/09/cannabisplant-1200x675.jpg,2026-05-17T20:33:09Z,Gudtrip is a cannabis vape pen from blockchain hardware manufacturer Puffpaw that is touting its ability to allow consumers to earn bitcoin while they smoke weed. Each of the companys individual vape… [+5988 chars]
"{'id': None, 'name': 'Gizmodo.com'}",Kyle Torpey,Poll Finds 62% of Americans Don’t Trust Trump on Crypto,"Despite his campaign's emphasis on crypto, one of Trump's signature pledges remains unfulfilled.",https://gizmodo.com/poll-finds-62-of-americans-dont-trust-trump-on-crypto-2000753919,https://gizmodo.com/app/uploads/2026/03/trump-getty-cabinet-march-26-2026-1200x675.jpg,2026-05-04T09:30:54Z,Donald Trump’s vocal backing of the cryptocurrency industry during the 2024 campaign delivered substantial financial contributions from crypto backers and played a role in his return to the presidenc… [+4820 chars]
"{'id': None, 'name': 'Gizmodo.com'}",Kyle Torpey,Wall Street’s Stablecoin Darling Raises $222 Million to Starve Ethereum,Ethereum's relevance continues to dwindle as crypto aligns with institutions.,https://gizmodo.com/wall-streets-stablecoin-darling-raises-222-million-to-starve-ethereum-2000757094,https://gizmodo.com/app/uploads/2026/05/Circle-Crypto-Arc-1200x675.jpg,2026-05-11T16:40:43Z,Increased centralization around stablecoin issuers and other fintech companies has defined much of the crypto market in recent years. And Circle has now furthered this trend by securing a $222 millio… [+4960 chars]
"{'id': None, 'name': 'Slashdot.org'}",BeauHD,Claude Helps Recover Locked $400K Bitcoin Wallet After 11 Years,"A Bitcoin holder reportedly recovered 5 BTC worth nearly $400,000 with the help of Anthropic's Claude. According to X user cprkrn, they changed their wallet password while ""stoned"" and forgot it, unable to regain access for more than 11 years. Tom's Hardware …",https://slashdot.org/story/26/05/14/1857211/claude-helps-recover-locked-400k-bitcoin-wallet-after-11-years,https://a.fsdn.com/sd/topics/ai_64.png,2026-05-14T20:00:00Z,"After finding a mnemonic that actually turned out to be their old password a few weeks ago, the user dumped their entire college computer files in Claude in a last-gasp effort. The bot uncovered an o… [+1244 chars]"
"{'id': None, 'name': 'Yahoo Entertainment'}",Ben Weiss,Michael Saylor says remarks about selling Bitcoin were intended to jam short-sellers and ‘haters’,"Saylor, the chairman of Strategy, told Fortune that his comments about selling Bitcoin sought to protect his stock from crashing.",https://finance.yahoo.com/markets/crypto/articles/michael-saylor-says-remarks-selling-154918323.html,https://s.yimg.com/ny/api/res/1.2/5a8YrgfFHkAZvqvvFXvOWw--/YXBwaWQ9aGlnaGxhbmRlcjt3PTEyMDA7aD04MDA-/https://media.zenfs.com/en/fortune_175/0bce4eaf8f7e8de0fa24fd9a4c5b92ec,2026-05-08T15:49:18Z,"Michael Saylor is the worlds foremost Bitcoin buyer. You do not sell your Bitcoin, wrote the crypto billionaire in October. But, on a Tuesday earnings call, Saylor, whose company Strategy has accumul… [+2579 chars]"
"{'id': None, 'name': 'Boing Boing'}",Ellsworth Toohey,"After 3.5 trillion guesses, a forgotten $400k Bitcoin wallet finally opened","Eleven years ago, an X user who goes by cprkrn changed the password on a Bitcoin wallet holding 5 BTC. He was stoned at the time. He forgot the new password by morning, and 5 BTC sat untouched while it grew to roughly $400,000. — Read the rest 
The post After…",https://boingboing.net/2026/05/14/after-3-5-trillion-guesses-a-forgotten-400k-bitcoin-wallet-finally-opened.html,,2026-05-14T19:39:59Z,"Eleven years ago, an X user who goes by cprkrn changed the password on a Bitcoin wallet holding 5 BTC. He was stoned at the time. He forgot the new password by morning, and 5 BTC sat untouched while … [+1204 chars]"
"{'id': None, 'name': 'Gizmodo.com'}",Bruce Gil,A Ransomware Negotiator Pleads Guilty to Being a Double Agent,The Florida man helped BlackCat/ALPHV operators maximize their payouts.,https://gizmodo.com/a-ransomware-negotiator-pleads-guilty-to-being-a-double-agent-2000749234,https://gizmodo.com/app/uploads/2025/02/ransomware-2024-report-1200x675.jpg,2026-04-22T09:00:29Z,"A man who was supposed to help victims of ransomware attacks was actually helping the other side.
Angelo Martino, a 41-year-old from Florida and a former ransomware negotiator, pleaded guilty to con… [+2526 chars]"
"{'id': None, 'name': 'Yahoo Entertainment'}",,"Strategy Buys $2.54 Billion of Bitcoin, Most Since Late 2024",,https://consent.yahoo.com/v2/collectConsent?sessionId=1_cc-session_923d1d4b-a55e-462b-9a33-a52ea6e14992,,2026-04-20T14:10:34Z,"If you click 'Accept all', we and our partners, including 250 who are part of the IAB Transparency &amp; Consent Framework, will also store and / or access information on a device (in other words, us… [+1046 chars]"
"{'id': None, 'name': 'Yahoo Entertainment'}",,Why bitcoin traders are suddenly obsessed with a forgotten crypto,,https://consent.yahoo.com/v2/collectConsent?sessionId=1_cc-session_b325eadb-5b7c-41da-9002-59b7941277f3,,2026-05-15T16:24:50Z,"If you click 'Accept all', we and our partners, including 247 who are part of the IAB Transparency &amp; Consent Framework, will also store and / or access information on a device (in other words, us… [+1046 chars]"
"{'id': None, 'name': 'Kotaku'}",Zack Kotzer,Bitcoin Thriller Billing Itself As First Studio-Quality AI-Generated Movie,"Gal Gadot, Casey Affleck, and Pete Davidson star in movie about previous snake oil phenomenon",https://kotaku.com/bitcoin-thriller-billing-itself-as-first-studio-quality-ai-generated-movie-pete-davidson-gal-gadot-2000688877,https://kotaku.com/app/uploads/2026/04/cryptoland.jpg,2026-04-19T19:56:51Z,"Its clear that Hollywood studios want to use AI in movie making. How to do so remains elusive, as the techs shortcomings become immediately obvious in practice and prohibitively expensive even for de… [+2223 chars]"
"{'id': None, 'name': 'Github.com'}",Pathos0925,SatoshiGuesser – Roll for Bitcoin,Roll for lost bitcoin. Contribute to Pathos0925/SatoshiGuesser development by creating an account on GitHub.,https://github.com/Pathos0925/SatoshiGuesser,https://opengraph.githubassets.com/5c4e5771cb062f8bd7f84af4494d3010db967a48e407fa290ed1e7468336d33d/Pathos0925/SatoshiGuesser,2026-04-30T16:29:58Z,"A slot-machine web game that ""guesses"" Satoshi Nakamoto's Bitcoin private
keys. The odds are astronomically remote (~1 in 5.27 × 10² per spin), but
the cryptography is real: every pull rolls a rand… [+8256 chars]"
"{'id': None, 'name': 'Gizmodo.com'}",Kyle Torpey,"Michael Saylor’s Bitcoin Treasury Company Posts $12.5 Billion Loss, Boasts That People Are Still Giving It Money","The company, Strategy, is effectively a levered play on bitcoin.",https://gizmodo.com/michael-saylors-bitcoin-treasury-company-posts-12-5-billion-loss-boasts-that-people-are-still-giving-it-money-2000755338,https://gizmodo.com/app/uploads/2026/05/michael-saylor-1200x675.jpg,2026-05-06T23:16:29Z,"Strategy, which is the $64 billion bitcoin treasury company led by Michael Saylor, has one overriding objective: acquire as much bitcoin as possible as quickly as possible. However, the firm posted 1… [+4380 chars]"
"{'id': None, 'name': 'Yahoo Entertainment'}",,Bitcoin drives back toward $80K—but one billionaire may be fueling much of the rally,,https://consent.yahoo.com/v2/collectConsent?sessionId=1_cc-session_917594bb-7ddb-4606-9f3a-b9ca3e4836b9,,2026-04-27T18:32:13Z,"If you click 'Accept all', we and our partners, including 250 who are part of the IAB Transparency &amp; Consent Framework, will also store and / or access information on a device (in other words, us… [+1046 chars]"
"{'id': None, 'name': 'Gizmodo.com'}",Kyle Torpey,El Salvador’s Bitcoin-Loving President Has Allegedly Frozen Assets of Local News Outlet,The ideas underpinning Bitcoin are sort of the opposite of this.,https://gizmodo.com/el-salvadors-bitcoin-loving-president-has-allegedly-frozen-assets-of-local-news-outlet-2000756750,https://gizmodo.com/app/uploads/2022/11/a57873c822d2bcd8c97a2b2fcc2272f3.jpg,2026-05-10T09:30:39Z,"Salvadorean news outlet El Faro has reported that assets tied to two of its shareholders, including bank accounts and property, have been frozen. The outlet maintains that President Nayib Bukele orde… [+5291 chars]"
"{'id': None, 'name': 'Gizmodo.com'}",Kyle Torpey,April Was the Worst Ever Month on Record for Crypto Hacks,"Drift and Kelp DAO were the two most notable crypto hacks in April, combining for $579 million in losses.",https://gizmodo.com/april-was-the-worst-ever-month-on-record-for-crypto-hacks-2000753890,https://gizmodo.com/app/uploads/2025/10/gizmodo-social-1200x675-1.jpg,2026-05-03T15:29:12Z,"April was the worst month on record for crypto projects getting hacked, with 29 incidents tracked by crypto data provider DefiLlama. In terms of dollar value, $651 million in losses were recorded, wh… [+4944 chars]"
"{'id': None, 'name': 'Alcazarsec.com'}",Alcazar Security,How Monero's proof of work works,"Monero does not use a simple fixed hash like Bitcoin. Its proof of work, RandomX, turns mining into running random CPU-friendly programs over a large memory dataset, which is why it behaves so differently from ASIC-first systems.",https://blog.alcazarsec.com/tech/posts/how-moneros-proof-of-work-works,https://alcazarsec.com/og/alcazar-nisdwy-dms.png,2026-05-04T14:10:50Z,"Moneros proof of work is called RandomX.
Monero does not ask miners to run the same tiny hash function over and over. It asks them to run a small random program on a virtual machine, hit memory hard… [+12588 chars]"
"{'id': None, 'name': 'Gizmodo.com'}",Kyle Torpey,Man Says He Used AI to Unlock Old Bitcoin Wallet Worth $400K,The pseudonymous user said he was stoned when he changed the password in 2015.,https://gizmodo.com/man-says-he-used-ai-to-unlock-old-bitcoin-wallet-worth-400k-2000758866,https://gizmodo.com/app/uploads/2026/05/Crypto-Wallet-Bitcoin-1200x675.jpg,2026-05-15T13:10:01Z,A pseudonymous user on X claims he regained access to 5 bitcoin he had lost for more than a decade after forgetting the passwordand it was Anthropics Claude chatbot that put all the pieces of the puz… [+4896 chars]
"{'id': 'business-insider', 'name': 'Business Insider'}",wedwards@businessinsider.com (William Edwards),Billionaire hedge fund investor Paul Tudor Jones says this is where he's eyeing his next big bet in markets,"Paul Tudor Jones says his investing career has been like a boxing match, and he's looking to land a blow in this part of the market next.",https://www.businessinsider.com/paul-tudor-jones-investing-opportunities-japan-yen-sanae-takaichi-2026-4,https://i.insider.com/69f235125b15148769b846b6?width=1200&format=jpeg,2026-04-30T09:40:01Z,"Paul Tudor Jones says his investing career has been like a boxing match.
Every day, he enters the ring against a tenacious opponent, the market. Most of the time, he's studying his opposition, bidin… [+1848 chars]"
"{'id': 'die-zeit', 'name': 'Die Zeit'}",DIE ZEIT: Wirtschaft - Jens Tönnesmann,Kryptowährungen: Besteuert Bitcoin!,"Bisher zahlt auf Krypto-Gewinne keine Steuern, wer die Coins länger als ein Jahr hält. Das ist ungerecht. Gut, dass die Politik das langsam einsieht.",https://www.zeit.de/wirtschaft/2026-04/kryptowaehrungen-besteuerung-gewinne-eu-finanzpolitik,https://img.zeit.de/wirtschaft/2026-04/kryptowaehrungen-besteuerung-gewinne-eu-finanzpolitik-bild/wide__1300x731,2026-05-02T03:34:56Z,"Was haben Bitcoin, Luxus-Handtaschen und Koi-Karpfen gemeinsam, außer dass man auch ganz prima ohne sie leben kann? Nun: Kauft und verkauft man sie als Privatmensch, werden die anfallenden Gewinne au… [+464 chars]"
"{'id': None, 'name': 'Gizmodo.com'}",Kyle Torpey,Tether and Arbitrum Freeze Assets as Crypto Faces Crisis of Purpose,"On Friday, the U.S. government said $344 million in Tether had been linked to wallets tied to Iran.",https://gizmodo.com/tether-and-arbitrum-freeze-assets-as-crypto-faces-crisis-of-purpose-2000750571,https://gizmodo.com/app/uploads/2026/01/Tether-stablecoins-1200x675.jpg,2026-04-24T20:05:14Z,More critics within crypto are highlighting the absence of genuine decentralization in the space after the Arbitrum blockchain and stablecoin issuer Tether both froze significant amounts of assets th… [+5988 chars]
"{'id': None, 'name': 'Gizmodo.com'}",Rhett Jones,North Korea Provides Rare Response to Longstanding Crypto Crime Accusations,The government did not admit to doing all the crimes.,https://gizmodo.com/north-korea-provides-rare-response-to-longstanding-crypto-crime-accusations-2000754559,https://gizmodo.com/app/uploads/2022/04/b31a2a9cf609386e3794b72daf5095ed-e1777987998228-1200x675.jpg,2026-05-05T14:20:51Z,"A spokesperson for North Korea’s foreign ministry has responded to the deluge of accusations related to crypto thefts and crimes thrown at Kim Jong Un’s regime, according to North Korea’s state news … [+4831 chars]"
"{'id': None, 'name': 'Theregister.com'}",Simon Sharwood,Neocloud IREN buys OpenStack champion Mirantis,Former bitcoin miner plans to build an easier cloudy AI on ramp while remaining a friend to FOSS,https://www.theregister.com/off-prem/2026/05/07/neocloud-iren-buys-openstack-champion-mirantis/5231644,https://image.theregister.com/5225246.jpg?imageId=5225246&x=0&y=0&cropw=100&croph=100&panox=0&panoy=0&panow=100&panoh=100&width=1200&height=683,2026-05-07T05:34:24Z,"Neocloud IREN has decided to buy Mirantis, and the two plan to build an open AI stack.
Mirantis made its name developing open source cloud infrastructure, such as its OpenStack distribution, hyperco… [+3468 chars]"
"{'id': None, 'name': 'Kotaku'}",Ethan Gach,"The Big Short’s Michael Burry Just Ditched All Of His GameStop Stock After Years Of Hyping The Company: ‘When Hundreds Of Billions Are On The Table, Bet On Craven Greed’",Ryan Cohen's absurd bid for a leveraged buyout of eBay is spooking investors,https://kotaku.com/the-big-shorts-michael-burry-just-ditched-all-of-his-gamestop-stock-after-years-of-hyping-the-company-when-hundreds-of-billions-are-on-the-table-bet-on-craven-greed-2000693267,https://kotaku.com/app/uploads/2021/09/97ae414eb2f00a5c1b3c54426badb8f7-1200x675.jpg,2026-05-05T17:13:20Z,GameStop’s meme stock status has allowed it nine lives to try to reinvent itself as something other than a brick-and-mortar retailer for physical games. Its latest quixotic bet is a $56 billion lever… [+2412 chars]
"{'id': None, 'name': 'Xataka.com'}",Javier Pastor,Claude ha ayudado a un hombre a recuperar 400.000 dólares en bitcoin que perdió hace 11 años. Se colocó y olvidó la contraseña,Un usuario de X llamado Cprkrn contaba recientemente su odisea con final (muy) feliz en X. En 2015 compró cinco bitcoins (BTC) cuando el precio rondaba los 250 dólares. En un arrebato de euforia universitaria decidió que su contraseña debía ser un manifiesto …,https://www.xataka.com/criptomonedas/claude-ha-ayudado-a-hombre-a-recuperar-400-000-dolares-bitcoin-que-perdio-hace-11-anos-se-coloco-olvido-contrasena,https://i.blogs.es/b8bce7/bitcoins-copia-2/840_560.jpeg,2026-05-14T10:45:29Z,Un usuario de X llamado Cprkrn contaba recientemente su odisea con final (muy) feliz en X. En 2015 compró cinco bitcoins (BTC) cuando el precio rondaba los 250 dólares. En un arrebato de euforia univ… [+4026 chars]
"{'id': None, 'name': 'Golem.de'}",Peter Steinlechner,Wegen Kryptowährungen: Trump-Medienfirma rutscht tief in die roten Zahlen,"Trump Media meldet Hunderte Millionen Dollar Verlust, ausgelöst vor allem durch Wertverluste bei Bitcoin und anderen Kryptowährungen. (Donald Trump, Politik)",https://www.golem.de/sonstiges/zustimmung/auswahl.html?from=https%3A%2F%2Fwww.golem.de%2Fnews%2Fwegen-kryptowaehrungen-trump-medienfirma-rutscht-tief-in-die-roten-zahlen-2605-208506.html&referer=https%3A%2F%2Ft.co%2F1f742f55c1,,2026-05-10T10:40:02Z,"Besuchen Sie Golem.de wie gewohnt mit Werbung und Tracking,
 indem Sie der Nutzung aller Cookies zustimmen.
 Details zum Tracking finden Sie im Privacy Center.
Skript wurde nicht geladen. Informat… [+607 chars]"
"{'id': None, 'name': 'Gizmodo.jp'}",ヨコヤマコム,俳優は本物、背景はAI。ハリウッド初の生成AI大作映画がきますよ,Photo:Tinseltown/Shutterstock.com現在、世界初となる大作の生成AIハリウッド映画が制作中だそうです。エンターテインメント系メディアのTheWrapが報じています。TheWrapによれば、この作品は「生成AI映像を全面的に使用した初の“スタジオ品質”の長編映画になる」とのこと。背景・美術がAI。俳優は出演する今回の映画の監督を務めるのは、『ボーン・アイデンティティー』,https://www.gizmodo.jp/2026/04/hollywoods-first-ai-generated-movie-about-bitcoin.html,https://media.loom-app.com/gizmodo/dist/images/2026/04/25/shutterstock_647905825.jpg?w=1280&h=630&f=jpg,2026-04-26T12:00:00Z,"AIThe Wrap
The WrapAI
AI
ACME AI&amp;FX
110AIAI
ACME AI&amp;FXAI
Bitcoin: Killing SatoshiAI
37000
AI34767000111AI300
33
The Wrap
200
AI
2003AI
AI
AI
1071005455AI
AI
AIAI×1
AIAIAI"
"{'id': None, 'name': 'Golem.de'}",Przemyslaw Szymanski,Bitcoin: Claude hilft bei gesperrter 400.000-US-Dollar-Wallet,"Elf Jahre lang war eine Wallet mit 5 Bitcoins gesperrt. Erst alte Dateien und Claude brachten den Zugang zum beträchtlichen Vermögen zurück. (Bitcoin, KI)",https://www.golem.de/sonstiges/zustimmung/auswahl.html?from=https%3A%2F%2Fwww.golem.de%2Fnews%2Fbitcoin-claude-hilft-bei-gesperrter-400-000-us-dollar-wallet-2605-208699.html&referer=https%3A%2F%2Ft.co%2F9b56b4797a,,2026-05-15T09:10:01Z,"Besuchen Sie Golem.de wie gewohnt mit Werbung und Tracking,
 indem Sie der Nutzung aller Cookies zustimmen.
 Details zum Tracking finden Sie im Privacy Center.
Skript wurde nicht geladen. Informat… [+607 chars]"
"{'id': None, 'name': 'Microsiervos.com'}",alvy@microsiervos.com (Alvy),Avances en el descifrado con hardware público de claves de criptografía de curva elíptica… (Pero el apocalipsis cuántico tendrá que esperar),"Un investigador independiente, Giancarlo Lelli, ha ganado un premio de ~65.000 euros del Project Eleven al romper con hardware cuántico público una clave de curva elíptica de 15 bits. No está mal, y enhorabuena al premiado, pero no es el fin del mundo ni el Q…",https://www.microsiervos.com/archivo/seguridad/avances-descifrado-claves-criptografia-curva-eliptica-apocalipsis-cuantico.html,https://img.microsiervos.com/images2026/project-eleven.webp,2026-04-25T15:09:33Z,"Por @Alvy 25 de Abril de 2026
Un investigador independiente, Giancarlo Lelli, ha ganado un premio de ~65.000 euros del Project Eleven al romper con hardware cuántico público una clave de curva elípt… [+2080 chars]"
"{'id': None, 'name': 'Gizmodo.com'}",Kyle Torpey,‘Unstoppable’ Crypto Exchange Halts Trading After $10 Million Theft,THORChain has claimed end user funds were not affected by this incident.,https://gizmodo.com/unstoppable-crypto-exchange-halts-trading-after-10-million-theft-2000759775,https://gizmodo.com/app/uploads/2025/10/gizmodo-social-1200x675-1.jpg,2026-05-17T19:14:07Z,"THORChain, a decentralized crypto exchange protocol that functions as a meta layer across multiple blockchains, halted trading on Friday after a suspected exploit resulted in the theft of roughly $10… [+5079 chars]"
"{'id': None, 'name': 'Golem.de'}",Michael Linden,Bitcoin erbeutet: Kryptoscammer nutzen Chaos an der Straße von Hormus aus,"Betrüger geben sich als iranische Behörden aus und fordern von Schiffen Bitcoin-Zahlungen für eine sichere Durchfahrt - mit fatalen Folgen. (Schifffahrt, Politik)",https://www.golem.de/sonstiges/zustimmung/auswahl.html?from=https%3A%2F%2Fwww.golem.de%2Fnews%2Fbitcoin-erbeutet-kryptoscammer-nutzen-chaos-an-der-strasse-von-hormus-aus-2604-207913.html&referer=https%3A%2F%2Ft.co%2F38cea2634b,,2026-04-23T12:15:02Z,"Besuchen Sie Golem.de wie gewohnt mit Werbung und Tracking,
 indem Sie der Nutzung aller Cookies zustimmen.
 Details zum Tracking finden Sie im Privacy Center.
Skript wurde nicht geladen. Informat… [+607 chars]"
"{'id': None, 'name': 'Schneier.com'}",Bruce Schneier,Is “Satoshi Nakamoto” Really Adam Back?,"The New York Times has a long article where the author lays out an impressive array of circumstantial evidence that the inventor of Bitcoin is the cypherpunk Adam Back.
I don’t know. The article is convincing, but it’s written to be convincing.
I can’t rememb…",https://www.schneier.com/blog/archives/2026/04/is-satoshi-nakamoto-really-adam-back.html,,2026-04-20T11:07:28Z,"The New York Times has a long article where the author lays out an impressive array of circumstantial evidence that the inventor of Bitcoin is the cypherpunk Adam Back.
I don’t know. The article is … [+495 chars]"
"{'id': None, 'name': 'heise online'}",Andreas Knobloch,DoctorSV: El Salvadors Gesundheitsdaten landen in den Händen von Google,In El Salvador wird die Versorgung von Patienten mit chronischen Krankheiten künftig von Googles KI-Agenten Gemini übernommen. Präsident Bukele ist begeistert.,https://www.heise.de/news/DoctorSV-El-Salvadors-Gesundheitsdaten-landen-in-den-Haenden-von-Google-11264981.html,https://heise.cloudimg.io/bound/1200x1200/q85.png-lossy-85.webp-lossy-85.foil1/_www-heise-de_/imgs/18/5/0/6/7/3/7/7/google-gemini-shutterstock-b6ad79f9c613a260.jpg,2026-04-20T20:07:00Z,"Inhaltsverzeichnis
El Salvadors Präsident Nayib Bukele startet in seinem Land ein neues Tech-Experiment. In einer landesweiten Radio- und Fernsehansprache kündigte er in der vergangenen Woche die Au… [+4025 chars]"
"{'id': None, 'name': 'Android Authority'}",Matt Horne,"Claude helps recover $400,000 in Bitcoin after a very expensive stoner mistake","An X user says Claude helped him recover access to 5 Bitcoin after 11 years, thanks to an old wallet backup and a ridiculous password.",https://www.androidauthority.com/claude-helps-recover-bitcoin-3667658/,https://www.androidauthority.com/wp-content/uploads/2023/12/claude-homepage.jpg,2026-05-15T18:18:45Z,<ul><li>An X user says Claude helped him recover access to 5 Bitcoin after 11 years.</li><li>The user says the AI found an old wallet file that worked with an old password clue.</li><li>The recovered… [+2443 chars]
"{'id': None, 'name': 'Faz.net'}",Daniel Mohr,Hohe Risiken: Große Skepsis gegenüber Krypto,Seit Ausbruch des Irankrieges schlägt sich Bitcoin deutlich besser als Gold. Aber die Vorbehalte der Anleger sind groß.,https://www.faz.net/aktuell/finanzen/hohe-risiken-anleger-blicken-skeptisch-auf-krypto-und-bitcoin-accg-200752797.html,https://media0.faz.net/image/w1200h627/04062c7d6894/w5760h3009x0y115o/202602/43601.0.1732725348/deutlich-haptischer-als.webp,2026-04-22T06:39:17Z,"Die Frage, ob Bitcoin das neue digitale Gold sei, sie schien sich spätestens Anfang Februar erledigt zu haben. Was ist denn bitte schön von einem angeblichen Gold zu halten, das sich von Oktober bis … [+5605 chars]"
"{'id': None, 'name': 'BBC News'}","Brandon Drenon; Joe Tidy - Cyber correspondent, BBC World Service",International cyber attack disrupts swathe of universities and schools,"A hacking group breached the academic software Canvas, used by thousands of schools and universities across the globe.",https://www.bbc.com/news/articles/ce3pq0136eqo?xtor=AL-72-%5Bpartner%5D-%5Byahoo.north.america%5D-%5Bheadline%5D-%5Bnews%5D-%5Bbizdev%5D-%5Bisapi%5D,https://s.yimg.com/ny/api/res/1.2/Q2REx4VntPRB7t5y8bwjgA--/YXBwaWQ9aGlnaGxhbmRlcjt3PTEyMDA7aD02NzU7Y2Y9d2VicA--/https://media.zenfs.com/en/bbc_us_articles_995/735b0fe067a2d703abb98fb15a641f83,2026-05-11T10:09:25Z,"A cyber attack hit several universities and schools in the US, Canada and Australia, causing chaos, confusion and major disruptions amid the high stakes end-of-year season.
The hacking group ShinyHu… [+5805 chars]"
"{'id': None, 'name': 'Korben.info'}",Vincent Lautier,Il retrouve 400 000 $ de Bitcoin oubliés depuis 11 ans grâce à Claude,"L'histoire est partie d'un changement de mot de passe fait pendant une cuite en 2014. Onze ans plus tard, le malheureux (""
cprkrn
"" sur X) avait toujours ses 5 bitcoins coincés dans un portefeuille numérique dont la clé d'accès s'était totalement évaporée de …",https://korben.info/il-retrouve-400-000-de-bitcoin-oublies-depuis-11-ans-grace-a-claude.html,https://korben.info/il-retrouve-400-000-de-bitcoin-oublies-depuis-11-ans-grace-a-claude/il-retrouve-400-000-de-bitcoin-oublies-depuis-11-ans-grace-a-claude-1.jpg,2026-05-15T07:18:46Z,"L'histoire est partie d'un changement de mot de passe fait pendant une cuite en 2014. Onze ans plus tard, le malheureux (""
cprkrn
"" sur X) avait toujours ses 5 bitcoins coincés dans un portefeuille… [+2442 chars]"
"{'id': None, 'name': 'Theregister.com'}",Connor Jones,Dude… where’s my password? Claude reunites forgetful stoner with $400k Bitcoin stash,AI to the rescue as 11-year search for password turns up in old PC files,https://www.theregister.com/offbeat/2026/05/14/claude-reunites-stoner-with-bitcoin-after-losing-password/5240492,https://image.theregister.com/5240537.jpg?imageId=5240537&x=0&y=0&cropw=100&croph=100&panox=0&panoy=0&panow=100&panoh=100&width=1200&height=683,2026-05-14T13:30:00Z,"Eleven years ago, a stoner bought some Bitcoin, lit up, and entered a password that he soon forgot. Now, after searching for more than a decade, Claude AI has helped him figure out the credentials he… [+2023 chars]"
"{'id': None, 'name': 'Kotaku'}",Rebekah Valentine,Struggling Video Game Retailer GameStop Is Reportedly Trying To Buy…EBay?!,That's a lot of Funko Pops,https://kotaku.com/struggling-video-game-retailer-gamestop-reportedly-buy-ebay-2000692553,https://kotaku.com/app/uploads/2025/11/gamestop-1200x675.jpg,2026-05-01T22:59:09Z,"GameStop, the struggling brick-and-mortar video game retailer with a market value of about $12 billion, wants to buy eBay, an e-commerce company worth around $46 billion.
This comes from a Wall Stre… [+2904 chars]"
"{'id': None, 'name': 'Kotaku'}",Rebekah Valentine,"GameStop Wants To Sell You Random Pokémon Cards For $5,000 A Pop","You, too, can help fund that eBay acquisition",https://kotaku.com/gamestop-random-rare-pokemon-cards-5000-2000693622,https://kotaku.com/app/uploads/2026/05/neutronium-blogroll.jpg,2026-05-06T18:30:25Z,"As GameStop tries to buy eBay with $56 billion of fictional money, it’s also putting a lot of effort into pump its own profits by price-gouging customers on collectibles like trading cards. Today, th… [+2505 chars]"
"{'id': None, 'name': 'Gizmodo.com'}",Rhett Jones,"DeFi Visa Card Takes Our Casino Economy to the Next Level With ‘Buy Now, Pay Maybe’ Scheme",It's just innovation upon innovation.,https://gizmodo.com/defi-visa-card-takes-our-casino-economy-to-the-next-level-with-buy-now-pay-maybe-scheme-2000756384,https://gizmodo.com/app/uploads/2026/05/tuyo_credit-card-1200x675.jpg,2026-05-08T18:10:32Z,"The American economy increasingly looks like one big casino. Even former President Trump has acknowledged elements of this shift in recent comments, stating, You know, the whole world, unfortunately,… [+5956 chars]"
"{'id': None, 'name': 'Gizmodo.com'}",Kyle Torpey,Coinbase to Layoff 14% of Workforce Amid AI Disruption and Crypto Volatility,The crypto exchange has joined the bull market for blaming cuts on AI.,https://gizmodo.com/coinbase-to-layoff-14-of-workforce-amid-ai-disruption-and-crypto-volatility-2000754782,https://gizmodo.com/app/uploads/2023/05/431a1adc20dab63ba03801e76ce9f312-e1778005332659-1200x675.jpg,2026-05-05T20:55:36Z,"On Tuesday, Coinbase CEO Brian Armstrong revealed that roughly 14% of the crypto exchanges workforce will be laid off. Armstrong cited volatility in the crypto market and the company’s expanding adop… [+5130 chars]"
"{'id': 'the-verge', 'name': 'The Verge'}",Tina Nguyen,The crypto Clarity Act returns to the Senate this week. The banks are already trying to kill it.,"Hello and welcome to Regulator, the newsletter for Verge subscribers that goes into tech shenanigans that take place in the backrooms of Washington. Really, it sometimes does feel like the online series The Backrooms: a parallel universe with no internal logi…",https://www.theverge.com/column/929752/the-crypto-clarity-act-returns-to-the-senate-this-week-the-banks-are-already-trying-to-kill-it,https://platform.theverge.com/wp-content/uploads/sites/2/chorus/uploads/chorus_asset/file/25263345/STK432_Government_A_CVirginia.jpg?quality=90&strip=all&crop=0%2C10.732984293194%2C100%2C78.534031413613&w=1200,2026-05-13T19:11:58Z,"<ul><li></li><li></li><li></li></ul>
Can the stablecoin bill get passed before the Republicans lose Congress?
Can the stablecoin bill get passed before the Republicans lose Congress?
by
Tina Nguy… [+11246 chars]"
"{'id': None, 'name': '9to5Mac'}",Marcus Mendes,Apple supplier Foxconn confirms ransomware attack affected North American factories,"WIRED reports that Foxconn acknowledged that some of its North American factories “suffered a cyberattack” in recent days, after the ransomware group Nitrogen claimed to have stolen 8TB of data from the company. Here are the details.



 more…",https://9to5mac.com/2026/05/12/apple-supplier-foxconn-confirms-ransomware-attack-affected-north-american-factories/,https://i0.wp.com/9to5mac.com/wp-content/uploads/sites/6/2024/06/apple-hacked.jpg?resize=1200%2C628&quality=82&strip=all&ssl=1,2026-05-13T01:35:22Z,"WIRED reports that Foxconn acknowledged that some of its North American factories suffered a cyberattack in recent days, after the ransomware group Nitrogen claimed to have stolen 8TB of data from th… [+2824 chars]"
"{'id': None, 'name': 'The New Yorker'}",Jennifer Wilson,How Americans Caught Gold Fever Again,"Soaring gold prices, viral panning influencers, gold-rush shows on Discovery TV, and Trump’s gold obsession have ignited a craze for prospecting not seen since the forty-niners headed West. Jennifer Wilson reports.",https://www.newyorker.com/magazine/2026/05/11/how-americans-caught-gold-fever-again,"https://media.newyorker.com/photos/69ef99d60eb5565b39f8bf26/16:9/w_1280,c_limit/r49114.jpg",2026-05-04T10:00:00Z,"I mean, this is all bullshit, Slobodian, who teaches at Boston University, told me. But the great replacement theory requires a means of payment. Goldbug ideology has received an intellectual sheen f… [+4312 chars]"
"{'id': None, 'name': 'Wwwhatsnew.com'}",Juan Diego Polo,"Blockchain explicado sin criptojerga: qué es, para qué sirve (de verdad) y qué no es","Blockchain es una de esas palabras que todo el mundo usa y casi nadie puede explicar con claridad. Debajo del hype existe una tecnología real con aplicaciones genuinamente útiles, pero también con limitaciones que sus evangelistas prefieren no mencionar. Bloc…",https://wwwhatsnew.com/2026/04/28/blockchain-explicado-facil-que-es-aplicaciones-guia/,https://wwwhatsnew.com/wp-content/uploads/2024/05/blockchain-2.jpg,2026-04-28T03:00:00Z,"Blockchain es una de esas palabras que todo el mundo usa y casi nadie puede explicar con claridad. Debajo del hype existe una tecnología real con aplicaciones genuinamente útiles, pero también con li… [+5911 chars]"
"{'id': None, 'name': 'Ritholtz.com'}",Barry Ritholtz,10 Friday AM Reads,"My end-of-week morning train WFH reads: • ‘Thoughts and prayers’: The minefield that awaits Kevin Warsh at the Fed: Jerome Powell likely presided over his final rate-setting meeting as chair on Wednesday, ending a turbulent period as central bank chief. (Poli…",https://ritholtz.com/2026/05/10-friday-am-reads-497/,https://ritholtz.com/wp-content/uploads/2029/12/exposedtoai.png,2026-05-01T10:30:54Z,"Thoughts and prayers: The minefield that awaits Kevin Warsh at the Fed: Jerome Powell likely presided over his final rate-setting meeting as chair on Wednesday, ending a turbulent period as central b… [+3363 chars]"
"{'id': None, 'name': 'Kotaku'}",Ethan Gach,GameStop Wants To Buy eBay for $56 Billion In A Deal That Sounds Terrible For Everyone,The video game retailer has been pivoting to Pokémon cards and other collectibles,https://kotaku.com/gamestop-wants-to-buy-ebay-for-56-billion-in-a-deal-that-sounds-terrible-for-everyone-2000692923,https://kotaku.com/app/uploads/2026/05/gamesotp.jpg,2026-05-04T13:04:54Z,"At the end of last week, there were rumblings that GameStop would make a bid on eBay, a company roughly four times its size. Then on Sunday night, before markets opened this week, the gaming retailer… [+4224 chars]"
"{'id': None, 'name': 'heise online'}",dpa,Cybercrime: Mutmaßlicher Drahtzieher von Crimenetwork auf Mallorca gefasst,Nach jahrelanger Suche wurde ein 35-Jähriger auf Mallorca gefasst. Er soll über 40 Fakeshops betrieben und die Plattform „Crimenetwork“ geleitet haben.,https://www.heise.de/news/Cybercrime-Mutmasslicher-Drahtzieher-von-Crimenetwork-auf-Mallorca-gefasst-11287615.html,https://heise.cloudimg.io/bound/1200x1200/q85.png-lossy-85.webp-lossy-85.foil1/_www-heise-de_/imgs/18/5/0/7/9/1/8/1/shutterstock_170954663-2d09c953d948f4b0.jpg,2026-05-08T11:29:00Z,"Inhaltsverzeichnis
Nach jahrelangen Ermittlungen ist ein mutmaßlich führender Betreiber von Fake-Onlineshops und mutmaßlicher Drahtzieher einer illegalen Handels-Plattform gefasst worden. Der 35 Jah… [+2606 chars]"
"{'id': 'die-zeit', 'name': 'Die Zeit'}",DIE ZEIT: News -,"Cyber-Kriminalität: Illegale Plattform, Fakeshops – Verdächtiger sitzt in Haft","Hier finden Sie Informationen zu dem Thema „Cyber-Kriminalität“. Lesen Sie jetzt „Illegale Plattform, Fakeshops – Verdächtiger sitzt in Haft“.",https://www.zeit.de/news/2026-05/08/mutmasslicher-betreiber-von-fake-onlineshops-gefasst,https://img.zeit.de/news/2026-05/08/mutmasslicher-betreiber-von-fake-onlineshops-gefasst-image-group/wide__1300x731,2026-05-08T10:27:15Z,Nach jahrelangen Ermittlungen ist ein mutmaßlich führender Betreiber von Fake-Onlineshops und mutmaßlicher Drahtzieher einer illegalen Handels-Plattform gefasst worden. Der 35 Jahre alte Mann aus dem… [+2692 chars]
"{'id': 'die-zeit', 'name': 'Die Zeit'}",DIE ZEIT: News -,"Cyber-Kriminalität: Illegale Plattform, Fakeshops – Verdächtiger sitzt in Haft","Hier finden Sie Informationen zu dem Thema „Cyber-Kriminalität“. Lesen Sie jetzt „Illegale Plattform, Fakeshops – Verdächtiger sitzt in Haft“.",https://www.zeit.de/news/2026-05/08/illegale-plattform-fakeshops-verdaechtiger-sitzt-in-haft,https://img.zeit.de/news/2026-05/08/illegale-plattform-fakeshops-verdaechtiger-sitzt-in-haft-image-group/wide__1300x731,2026-05-08T10:28:32Z,Nach jahrelangen Ermittlungen ist ein mutmaßlich führender Betreiber von Fake-Onlineshops und mutmaßlicher Drahtzieher einer illegalen Handels-Plattform gefasst worden. Der 35 Jahre alte Mann aus dem… [+2692 chars]
"{'id': 'business-insider', 'name': 'Business Insider'}",sobrient@insider.com (Samuel O'Brient),Why bitcoin traders are suddenly obsessed with a forgotten crypto,"A token launched in 2016 is suddenly in the limelight in crypto circles. Zcash has surged, far outpacing gains in bitcoin in the last month.",https://www.businessinsider.com/zcash-price-what-is-zec-bitcoin-btc-crypto-privacy-tokens-2026-5,https://i.insider.com/6a07523d94eb4c909fb2cf61?width=1200&format=jpeg,2026-05-15T16:24:50Z,"A decade-old digital token is suddenly all the rage in crypto circles.
ZEC, a token launched in 2016 using the Zcash blockchain protocol, has seen its price surge 50% in a month, even as bitcoin str… [+2998 chars]"
"{'id': 'business-insider', 'name': 'Business Insider'}",Daniel Geiger,AI infrastructure executives are raking in massive stock windfalls — some are cashing them out,CoreWeave is one of the most successful among a crop of firms delivering the infrastructure for AI. Its top execs have quietly sold off shares.,https://www.businessinsider.com/ai-executives-earned-sold-off-stock-awards-coreweave-iren-2026-5,https://i.insider.com/69f912c1b3045b292f636a36?width=1200&format=jpeg,2026-05-05T09:36:01Z,"Michael Intrator, CoreWeave's CEO.Bloomberg/Getty Images
<ul><li>AI infrastructure firms are paying giant compensation to their senior executives, mostly in stock.</li><li>CoreWeave's top executives… [+7742 chars]"
"{'id': 'business-insider', 'name': 'Business Insider'}",Sydney Bradley,"I went to an 'AI psychosis' party in NYC filled with zany art, vibe-coded apps, and Diet Coke",Artists presented projects made in an AI-obsessed mania. Others showed off their vibe-coded apps.,https://www.businessinsider.com/inside-nyc-ai-psychosis-summit-party-anthropic-claude-code-2026-5,https://i.insider.com/69f4ea743022d9b19bbffa0a?width=1200&format=jpeg,2026-05-02T09:22:01Z,"Business Insider's Sydney Bradley went to an ""AI Psychosis Summit"" in New York City.Sydney Bradley/Business Insider
<ul><li>I went to an ""AI Psychosis Summit"" in New York City that was an art party … [+7079 chars]"
"{'id': None, 'name': 'Larazon.es'}","Sergio, Agudo",Google avisa de que la computación cuántica puede destruir Bitcoin antes de lo previsto,Un informe de Google revela que la optimización de los algoritmos cuánticos permite romper el cifrado de Bitcoin utilizando menos de 500.000 qubits físicos,https://www.larazon.es/tecnologia-consumo/google-avisa-computacion-cuantica-puede-destruir-bitcoin-antes-previsto_2026042769ef5092fc22f2299f782afd.html,https://fotografias-2.larazon.es/assets/2026/04/ordenador-cuantico.jpg?width=1200,2026-04-27T16:00:00Z,"El consenso general asumía que la robustez matemática de las criptomonedas nos otorgaba un margen de maniobra de varias décadas, pero los últimos datos publicados por los investigadores de Google aca… [+3096 chars]"
"{'id': 'the-verge', 'name': 'The Verge'}","Nick Statt, Nilay Patel",How to win — and lose — Decoder,"This interview has been lightly edited for length and clarity.  Hello and welcome to Decoder, Nilay’s show about big ideas and other problems. This is Nick Statt, senior producer, and I’m joined by host and very occasional guest, Nilay Patel. Nilay, welcome b…",https://www.theverge.com/podcast/920768/decoder-mailbag-how-to-win-lose-ai-nilay-interview,https://platform.theverge.com/wp-content/uploads/sites/2/2026/04/Trophy_gif.gif?quality=90&strip=all&crop=0%2C10.732984293194%2C100%2C78.534031413613&w=1200,2026-04-30T13:24:23Z,"<ul><li></li><li></li></ul>
Nilay joins as the guest to discuss our AI coverage, controversial episodes, and what it takes to succeed or fail on Decoder. 
by
Nick StattClose
Posts from this autho… [+41761 chars]"
"{'id': None, 'name': 'Hurriyet.com.tr'}",hurriyet.com.tr,"Bitcoin aldı, zengin oldu","DİDEM Soydan’ın 2012’de yaptığı Bitcoin yatırımı, zaman içinde bir servete dönüştü.",https://www.hurriyet.com.tr/kelebek/stil/bitcoin-aldi-zengin-oldu-43174766,https://image.hurimg.com/i/hurriyet/90/0x0/6a07f2911262fb5b7c526193.jpg,2026-05-16T04:29:39Z,"p&gt; Umut Ceylan ile No Filter programna katlan manken, unuttuu hesabnda biriken paray yllar sonra fark ettiini anlatt:O zamanki erkek arkadam bana Bitcoinden bahsetmi, aplikasyonunu indirtmiti. Ora… [+335 chars]"
"{'id': 'techradar', 'name': 'TechRadar'}","ESchwartzwrites@gmail.com (Eric Hal Schwartz) , Eric Hal Schwartz","Claude AI helped a Bitcoin owner recover nearly $400,000 in lost crypto — after spotting a forgotten wallet backup hidden for more than a decade","Claude helped recover nearly $400,000 in lost Bitcoin after more than a decade.",https://www.techradar.com/ai-platforms-assistants/claude-ai-helped-a-bitcoin-owner-recover-nearly-usd400-000-in-lost-crypto-after-spotting-a-forgotten-wallet-backup-hidden-for-more-than-a-decade,https://cdn.mos.cms.futurecdn.net/EhNyeB5pdFH5XyfMPG9pQT-1920-80.jpg,2026-05-15T08:26:46Z,"<ul><li>A Bitcoin holder says Anthropic’s Claude AI helped recover nearly $400,000 in lost Bitcoin</li><li>The wallet had been locked for more than a decade</li><li>Claude identified an older wallet … [+3371 chars]"
"{'id': None, 'name': ""Tom's Hardware UK""}",Mark Tyson,"Inventor showcases 3D printer filament dryer that mines Bitcoins and dries filament with waste heat, capable of 6 TH/s at 140W — joins Bitcoin-mining 3D printer in hobbyist-focused miner lineup",An inventor has showcased a 3D printer filament dryer 'that pays you bitcoin.',https://www.tomshardware.com/tech-industry/cryptomining/inventor-showcases-3d-printer-filament-dryer-that-mines-bitcoins-and-dries-filament-with-waste-heat-capable-of-6-th-s-at-140w-joins-bitcoin-mining-3d-printer-in-hobbyist-focused-miner-lineup,https://cdn.mos.cms.futurecdn.net/becxdn6UDTU9GafDeYiqWc-1920-80.jpg,2026-04-19T12:28:56Z,An inventor has showcased a “filament dryer that pays you bitcoin.” When this news popped up in our feed we weren’t surprised to see that PizzAndy from Proof Of Print was the brains behind it. It’s t… [+2624 chars]
"{'id': None, 'name': 'Gizmodo.com'}",Martín Nicolás Parolari,Bitcoin corre el riesgo de perder su propia historia con el paso del tiempo. El Instituto Satoshi Nakamoto crea un archivo digital para preservar sus orígenes antes de que Internet los borre,"Siempre asumimos que la historia de Bitcoin estaría siempre a un clic de distancia. Pero Internet olvida. Para evitar que los textos fundacionales, debates y documentos clave desaparezcan, el Instituto Satoshi Nakamoto lanzó un archivo digital que busca prese…",https://es.gizmodo.com/bitcoin-corre-el-riesgo-de-perder-su-propia-historia-el-instituto-satoshi-nakamoto-acaba-de-lanzar-archivo-para-evitarlo-2000209945,https://es.gizmodo.com/app/uploads/2025/12/Diseno-sin-titulo-51-4-1200x675.jpg,2026-05-03T15:49:28Z,"Durante años dimos por hecho que la historia de Bitcoin estaba a salvo en Internet. Que los correos de Satoshi Nakamoto, los primeros debates en foros y los textos que dieron forma a la mayor revoluc… [+3057 chars]"
"{'id': None, 'name': 'CoinDesk'}",Olivier Acuna,'Crypto Godfather' says bitcoin has not reached its bottom and a new all-time high is off the table for 2026,"The early bitcoin investor and author of Bitcoin Supercycle says bitcoin needs to drop to about $57,000 sometime in October before beginning its ascent. A market analyst disagrees.",https://www.coindesk.com/markets/2026/04/28/crypto-godfather-says-bitcoin-has-not-reached-its-bottom-and-a-new-all-time-high-is-off-the-table-for-2026,https://cdn.sanity.io/images/s3y3vcno/production/b59ad3cb1779d5920284c3d24b1ea5055834e985-2048x1366.jpg?auto=format&w=960&h=540&crop=focalpoint&fit=clip&q=75&fm=jpg,2026-04-28T15:18:44Z,"Bitcoin BTC
$76,882.32 has not reached its bottom yet, and a new all-time high is unlikely this year, said Michael Terpin, an early bitcoin investor and author of Bitcoin Supercycle: How the Crypto … [+4091 chars]"
"{'id': None, 'name': 'heise online'}",Andreas Knobloch,"Dienstag: Stühlerücken bei Apple, Vorwürfe gegen Amazon",Tim Cook tritt ab + Amazon unter Druck + Gemini übernimmt Behandlung chronisch Kranker + Merz für Änderungen am AI Act + Mindestalter für Social Media,https://www.heise.de/news/Dienstag-Stuehleruecken-bei-Apple-Vorwuerfe-gegen-Amazon-11265099.html,https://heise.cloudimg.io/bound/1200x1200/q85.png-lossy-85.webp-lossy-85.foil1/_www-heise-de_/imgs/18/5/0/6/7/4/3/6/Wochentage-source-sans-b0e2e4c6103140f2.png,2026-04-21T04:15:00Z,Paukenschlag bei Apple: Konzernchef Tim Cook tritt ab; der bisherige Hardware-Chef John Ternus übernimmt zum 1. September. Der US-Bundesstaat Kalifornien wirft Amazon illegale Preisabsprachen vor. De… [+4064 chars]
"{'id': None, 'name': 'Yahoo Entertainment'}",,Bitcoin News: Bitcoin ETFs Just Turned Positive Across Every Timeframe,,https://consent.yahoo.com/v2/collectConsent?sessionId=1_cc-session_af71b193-4f17-417a-bdb6-1ae98578fede,,2026-04-24T15:12:07Z,"If you click 'Accept all', we and our partners, including 250 who are part of the IAB Transparency &amp; Consent Framework, will also store and / or access information on a device (in other words, us… [+1046 chars]"
"{'id': None, 'name': 'Portableapps.com'}",John T. Haller,Bitcoin Core Portable 31.0 (cryptocurrency) Released,A new version of Bitcoin Core Portable has been released. It's the original peer-to-peer cryptocurrency. It's packaged in PortableApps.com Format so it can easily integrate with the PortableApps.com Platform. And it's open source and completely free. Update a…,https://portableapps.com/news/2026-04-20--bitcoin-portable-31.0-released,,2026-04-20T18:18:57Z,A new version of Bitcoin Core Portable has been released. It's the original peer-to-peer cryptocurrency. It's packaged in PortableApps.com Format so it can easily integrate with the PortableApps.com … [+1749 chars]
"{'id': None, 'name': 'CoinDesk'}","James Van Straten, AI Boost",Eric Trump says bitcoin in its 'greatest period ever' as Wall Street falls in line,"Speaking at Bitcoin Las Vegas 2026, the American Bitcoin co-founder declared the last six months a turning point.",https://www.coindesk.com/markets/2026/04/29/eric-trump-says-bitcoin-in-its-greatest-period-ever-as-wall-street-falls-in-line,https://cdn.sanity.io/images/s3y3vcno/production/cff4cf020817889c01c829d5462b41e5c7576115-3998x2250.jpg?auto=format&w=960&h=540&crop=focalpoint&fit=clip&q=75&fm=jpg,2026-04-29T19:49:14Z,"Las Vegas Eric Trump took the stage at Bitcoin 2026 in Las Vegas with a message: the asset's best days aren't ahead, they're already here. 
The American Bitcoin (ABTC) co-founder and chief strategy … [+1100 chars]"
"{'id': None, 'name': 'Gizmodo.com'}",Martín Nicolás Parolari,"Bitcoin no teme un colapso mañana por la computación cuántica, pero el riesgo ya está sobre la mesa. La carrera silenciosa para proteger la red ya comenzó","Cada avance cuántico reactiva la misma pregunta: ¿pueden romper Bitcoin? Los expertos enfrían el alarmismo, aunque reconocen un desafío real a largo plazo. La clave no está en entrar en pánico, sino en prepararse antes de que llegue el momento.",https://es.gizmodo.com/bitcoin-no-teme-un-colapso-manana-por-la-computacion-cuantica-pero-el-riesgo-ya-esta-sobre-la-mesa-la-carrera-silenciosa-para-proteger-la-red-ya-comenzo-2000232870,https://es.gizmodo.com/app/uploads/2026/04/Diseno-sin-titulo-51-13-1200x675.jpg,2026-04-22T23:29:33Z,"Cada cierto tiempo aparece la misma advertencia: la computación cuántica acabará con Bitcoin. Suena dramático, genera titulares y alimenta debates encendidos. Pero la realidad, al menos hoy, es basta… [+3083 chars]"
"{'id': None, 'name': 'Gizmodo.com'}",Martín Nicolás Parolari,Bitcoin recibe una advertencia preocupante y totalmente inesperada. Un investigador logra romper una clave criptográfica con una computadora cuántica en la nube y acelera todas las alarmas,"La computación cuántica llevaba años como amenaza futura para las criptomonedas. Ahora, una demostración pública usando hardware comercial reabre el debate sobre cuánto tiempo seguirán seguras las redes actuales.",https://es.gizmodo.com/bitcoin-recibe-una-advertencia-preocupante-y-totalmente-inesperada-un-investigador-logra-romper-una-clave-criptografica-con-una-computadora-cuantica-en-la-nube-y-acelera-todas-las-alarmas-2000233468,https://es.gizmodo.com/app/uploads/2026/04/Diseno-sin-titulo-15-21-1200x675.jpg,2026-04-27T13:47:30Z,"Parecía un riesgo reservado a laboratorios secretos y planes lejanos. Sin embargo, un investigador independiente acaba de romper una pequeña clave criptográfica con hardware cuántico en la nube, un a… [+3175 chars]"
"{'id': None, 'name': 'Theregister.com'}",Brandon Vigliarolo,Friendster rises from the grave to make social media great again,"No ads, no algorithm, and you actually have to physically tap phones to add a friend
It's been more than a decade since social media platform Friendster went dark, but a new owner has brought it back from the dead - sort of - with the hope he can give exhaust…",https://www.theregister.com/2026/04/27/friendster_rises_from_the_grave/,https://regmedia.co.uk/2023/10/05/undead.jpg,2026-04-27T16:45:07Z,"It's been more than a decade since social media platform Friendster went dark, but a new owner has brought it back from the dead - sort of - with the hope he can give exhausted users of modern platfo… [+5305 chars]"
"{'id': None, 'name': 'CoinDesk'}",Jesse Hamilton,Eric Trump takes shot at JPMorgan rethinking bitcoin after 'crapping' on asset,"The U.S. president's son, who co-founded American Bitcoin, said there's been a turnaround from traditional institutional firms now embracing bitcoin.",https://www.coindesk.com/policy/2026/05/06/eric-trump-takes-shot-at-jpmorgan-rethinking-bitcoin-after-crapping-on-asset,https://cdn.sanity.io/images/s3y3vcno/production/e2f5cb0c0f6d5f289b42230f0ca14cd77e71f0a3-2048x1152.jpg?auto=format&w=960&h=540&crop=focalpoint&fit=clip&q=75&fm=jpg,2026-05-06T18:07:58Z,"MIAMI Eric Trump, the son of President Donald Trump and the co-founder of American Bitcoin (ABTC), said that bitcoin BTC
$81,281.72 has reached a sharp influx of traditional financial giants, name-c… [+1554 chars]"
"{'id': None, 'name': 'CoinDesk'}",James Van Straten,"Bitcoin is rallying as flagship conference approaches, data shows the gains rarely last","After a 50% slide and partial recovery for bitcoin, traders are watching whether the Las Vegas event marks another short-term top for bitcoin.",https://www.coindesk.com/markets/2026/04/18/bitcoin-is-rallying-as-flagship-conference-approaches-data-shows-the-gains-rarely-last,https://cdn.sanity.io/images/s3y3vcno/production/cd9c194211cacaad3fd92521d28b866af6ffaa9f-1498x1104.png?auto=format&w=960&h=540&crop=focalpoint&fit=clip&q=75&fm=jpg,2026-04-20T10:24:20Z,"As bitcoin BTC
$75,202.47 heads into this years flagship Bitcoin Conference in Las Vegas next week, traders will be watching for a familiar pattern, a potential sell-the-news event that has played o… [+1731 chars]"
"{'id': None, 'name': 'taz.de'}",Klaudia Lagozinski,Vater der Bitcoin: Kein Blick hinter die Maske,"Textanalyse und ein „Verdächtiger“, der sich eben verdächtig bewegt. Die Suche der „NYT“ nach dem Erfinder der Bitcoin beruht vor allem auf Bauchgefühl.",https://taz.de/Vater-der-Bitcoin/!6172180/,https://taz.de/picture/8387811/1200/New-York-Times-Bitcoin.jpeg,2026-04-19T18:02:00Z,"Textanalyse und ein „Verdächtiger“, der sich eben verdächtig bewegt. Die Suche der „NYT“ nach dem Erfinder der Bitcoin beruht vor allem auf Bauchgefühl. mehr..."
"{'id': None, 'name': 'CoinDesk'}",Shaurya Malwa,Bitcoin miner MARA sold $1.5 billion of bitcoin as it shifts toward AI infrastructure,"While the miner said bitcoin remains its operational foundation, first-quarter results point to a company increasingly built around power, data centers and AI demand.",https://www.coindesk.com/markets/2026/05/12/bitcoin-miner-mara-sold-usd1-5-billion-of-bitcoin-as-it-shifts-toward-ai-infrastructure,https://cdn.sanity.io/images/s3y3vcno/production/d131b13d968da3a728396e698cdb5ddc75273bdf-3999x2666.jpg?auto=format&w=960&h=540&crop=focalpoint&fit=clip&q=75&fm=jpg,2026-05-12T07:42:05Z,"MARA Holdings (MARA) is still producing bitcoin BTC
$80,984.66, but it is getting harder to argue that mining is its core business.
In its first-quarter earnings statement, the company said it does… [+2106 chars]"
"{'id': None, 'name': 'Yahoo Entertainment'}",,"Bitcoin and ethereum price today, Monday, May 4, 2026: Bitcoin tops $80,000, then pulls back",,https://consent.yahoo.com/v2/collectConsent?sessionId=1_cc-session_1615380e-2b3b-4cc9-bf99-8f67bc435fb4,,2026-05-04T11:45:47Z,"If you click 'Accept all', we and our partners, including 250 who are part of the IAB Transparency &amp; Consent Framework, will also store and / or access information on a device (in other words, us… [+1046 chars]"
"{'id': None, 'name': 'Yahoo Entertainment'}",,Jim Cramer on Strategy Inc: “You Want to Own Bitcoin? Buy Bitcoin”,,https://consent.yahoo.com/v2/collectConsent?sessionId=1_cc-session_d6ad6365-d03f-4b41-82e6-b84e5cef69f1,,2026-05-04T18:21:22Z,"If you click 'Accept all', we and our partners, including 250 who are part of the IAB Transparency &amp; Consent Framework, will also store and / or access information on a device (in other words, us… [+1046 chars]"
"{'id': None, 'name': 'Yahoo Entertainment'}",,Bitcoin (BTC) News: Saylor Says Strategy Will Buy 20x More Bitcoin Than It Sells,,https://consent.yahoo.com/v2/collectConsent?sessionId=1_cc-session_a4f2f1a6-0866-4be6-b469-e5aff89a0096,,2026-05-11T11:43:14Z,"If you click 'Accept all', we and our partners, including 249 who are part of the IAB Transparency &amp; Consent Framework, will also store and / or access information on a device (in other words, us… [+1046 chars]"
"{'id': None, 'name': 'Yahoo Entertainment'}",,"Bitcoin and ethereum prices today, Tuesday, May 12, 2026: Bitcoin and ethereum prices backing off",,https://consent.yahoo.com/v2/collectConsent?sessionId=1_cc-session_3c8793b3-0db0-4ef9-9db5-733b638da3ef,,2026-05-12T11:33:24Z,"If you click 'Accept all', we and our partners, including 249 who are part of the IAB Transparency &amp; Consent Framework, will also store and / or access information on a device (in other words, us… [+1046 chars]"
"{'id': None, 'name': 'Yahoo Entertainment'}",,CME Is Launching a Bitcoin VIX: Here’s Why That Changes Wall Street’s Bitcoin Game,,https://consent.yahoo.com/v2/collectConsent?sessionId=1_cc-session_1d59eed3-abb1-4167-888d-d87c2c6c6baa,,2026-05-12T09:45:39Z,"If you click 'Accept all', we and our partners, including 249 who are part of the IAB Transparency &amp; Consent Framework, will also store and / or access information on a device (in other words, us… [+1046 chars]"
"{'id': None, 'name': 'Yahoo Entertainment'}",,BITU’s Decay Problem: Why This Bitcoin ETF Lost 31% While Bitcoin Fell Just 10%,,https://consent.yahoo.com/v2/collectConsent?sessionId=1_cc-session_ecdcbbd0-a6cd-45e5-a081-d2ad4a2350d6,,2026-05-06T11:15:49Z,"If you click 'Accept all', we and our partners, including 250 who are part of the IAB Transparency &amp; Consent Framework, will also store and / or access information on a device (in other words, us… [+1046 chars]"
"{'id': None, 'name': 'Yahoo Entertainment'}",,Tim Draper Says Firms ‘Irresponsible’ To Not Hold Bitcoin as Bullish Predictions Surge At Bitcoin 2026,,https://consent.yahoo.com/v2/collectConsent?sessionId=1_cc-session_f98112cf-8fe9-47d2-9804-46c7cea8f0f7,,2026-04-28T14:17:15Z,"If you click 'Accept all', we and our partners, including 250 who are part of the IAB Transparency &amp; Consent Framework, will also store and / or access information on a device (in other words, us… [+1046 chars]"
"{'id': None, 'name': 'Yahoo Entertainment'}",,Bitcoin News: Strategy Just Passed BlackRock as the Largest Bitcoin Holder in the World,,https://consent.yahoo.com/v2/collectConsent?sessionId=1_cc-session_b76ae23d-4d43-4606-93df-fe127691d17d,,2026-04-21T17:13:53Z,"If you click 'Accept all', we and our partners, including 250 who are part of the IAB Transparency &amp; Consent Framework, will also store and / or access information on a device (in other words, us… [+1046 chars]"
"{'id': None, 'name': 'Yahoo Entertainment'}",Tim Manni,"Bitcoin and ethereum prices today, Tuesday, May 12, 2026: Bitcoin and ethereum prices move l","Bitcoin opened at $81,721.41 on Tuesday, down 0.5% from Monday's opening price of $82,164.43. Ethereum opened at $2,339.40 on Tuesday, down 1.3% from...",https://finance.yahoo.com/personal-finance/investing/article/bitcoin-and-ethereum-prices-today-tuesday-may-12-2026-bitcoin-and-ethereum-prices-mv-113324235.html,https://s.yimg.com/uu/api/res/1.2/R4fhNy.vnr_QIatr9RUOpQ--~B/aD00MDU7dz02MTI7YXBwaWQ9eXRhY2h5b24-/https://d29szjachogqwa.cloudfront.net/images/user-uploaded/ethereum_%20_bitcoin_2_2928.jpg,2026-05-12T11:33:24Z,"Bitcoin (BTC-USD) was down over 1% to $80,389.00 on Tuesday, following a hotter-than-expected CPI report showing consumer prices rose in April, as the Iran war pressured global fuel and food costs.
… [+2943 chars]"
"{'id': None, 'name': 'Yahoo Entertainment'}",,"Bitcoin and ethereum prices today, Thursday, May 14, 2026: Bitcoin and ethereum prices slipping this week",,https://consent.yahoo.com/v2/collectConsent?sessionId=1_cc-session_e9dfc74c-84c5-4498-9f8d-062ee0813a76,,2026-05-14T11:19:38Z,"If you click 'Accept all', we and our partners, including 247 who are part of the IAB Transparency &amp; Consent Framework, will also store and / or access information on a device (in other words, us… [+1046 chars]"
"{'id': None, 'name': 'CoinDesk'}",Olivier Acuna,"Price of bitcoin could go higher or ‘can go to zero,’ says Czech central bank governor","Alex Michl spoke at the Bitcoin 2026 conference and said his bank did a study that found bitcoin outperformed all assets, including gold, but that it 'honestly looks too risky.'",https://www.coindesk.com/markets/2026/04/29/price-of-bitcoin-could-go-higher-or-can-go-to-zero-says-czech-central-bank-governor,https://cdn.sanity.io/images/s3y3vcno/production/3343bd5e049a9fa2bb623680733a41f6c44169f7-2048x1330.jpg?auto=format&w=960&h=540&crop=focalpoint&fit=clip&q=75&fm=jpg,2026-04-29T12:11:14Z,"The Czech Republics central bank governor, Alex Michl, said that adding bitcoin BTC
$77,200.59 to the financial institutions reserves could improve performance, but warned its volatility is much hig… [+1916 chars]"
"{'id': None, 'name': 'CoinDesk'}",Olivier Acuna,"Michael Saylor says the bitcoin winter is over. Some experts agree, with caveats.","Market analyst Mati Greenspan said bitcoin has not gone through a “winter,” rather a pullback within a broader bull market, adding the next leg up for bitcoin will be driven by nation-state adoption.",https://www.coindesk.com/markets/2026/04/23/michael-saylor-says-the-bitcoin-winter-is-over-some-experts-agree-with-caveats,https://cdn.sanity.io/images/s3y3vcno/production/dbb2fea217b52998d1955532b0481c1c36b133c8-1152x648.jpg?auto=format&w=960&h=540&crop=focalpoint&fit=clip&q=75&fm=jpg,2026-04-24T10:03:36Z,"Michael Saylor, executive chairman of Strategy (MSTR), the largest publicly traded holder of bitcoin BTC
$77,716.43, said Thursday on X that the crypto winter is over as bitcoin held above $78,000, … [+3019 chars]"
"{'id': None, 'name': 'DIE WELT'}","Daniel Eckert,Michael Höfling,Karsten Seibel",Dem Steuervorteil beim Bitcoin droht das Aus – was Krypto-Investoren jetzt noch tun können,"Wer Gewinne mit Bitcoin und anderen digitalen Münzen erzielt, muss sie nach einem Jahr nicht mehr versteuern. Nach der SPD wollen jetzt auch Grüne und Linke diese „Gerechtigkeitslücke“ schließen – wie sie es nennen. WELT erklärt, was auf Krypto-Sparer zukommt…",https://www.welt.de/finanzen/plus69fc409530e98e4ac324ce9a/steuervorteil-beim-bitcoin-droht-das-aus-was-krypto-investoren-jetzt-noch-tun-koennen.html,https://images.welt.de/69fc409530e98e4ac324ce9a/3b6f7358a031299d45142f53a9d7479a-master/ci16x9-w1200/gettyimages-1325823070-1-jpg,2026-05-08T12:06:53Z,"Wer Gewinne mit Bitcoin und anderen digitalen Münzen erzielt, muss sie nach einem Jahr nicht mehr versteuern. Nach der SPD wollen jetzt auch Grüne und Linke diese Gerechtigkeitslücke schließen wie si… [+85 chars]"
"{'id': None, 'name': 'CoinDesk'}",Ian Allison,"Institutional money is coming for bitcoin, but Adam Back says it moves slower than you think",The legendary cryptographer discusses institutional money flows into bitcoin.,https://www.coindesk.com/business/2026/04/29/institutional-money-is-coming-for-bitcoin-but-adam-back-says-it-moves-slower-than-you-think,https://cdn.sanity.io/images/s3y3vcno/production/c72a7d7906fb5fbc62478d497a1a0b6acf914bb5-2048x1365.jpg?auto=format&w=960&h=540&crop=focalpoint&fit=clip&q=75&fm=jpg,2026-04-29T04:00:00Z,"The arrival of Morgan Stanley at the U.S. spot bitcoin BTC
$77,047.14 ETF party earlier this month was characterized by some observers as the catalyst that will end the current crypto bear market th… [+5308 chars]"
"{'id': None, 'name': 'Yahoo Entertainment'}",Brian Sozzi,Bitcoin's comeback won't happen in 2026: Deutsche Bank survey of consumers,Deutsche Bank's new crypto survey is decidedly bearish for bitcoin.,https://finance.yahoo.com/news/bitcoins-comeback-wont-happen-in-2026-deutsche-bank-survey-of-consumers-134056305.html,https://s.yimg.com/ny/api/res/1.2/.Z5tyxKY78q5nSzRFNKQXQ--/YXBwaWQ9aGlnaGxhbmRlcjt3PTEyMDA7aD03NjQ-/https://s.yimg.com/os/creatr-uploaded-images/2021-04/5af69a20-a8e5-11eb-bf7f-5f2e9fe992ce,2026-04-20T13:40:56Z,"The forgotten bitcoin bull trade.
While the S&amp;P 500 (^GSPC) has climbed to fresh records above 7,000 this month, bitcoin has done anything but regain the upward momentum that thrust the digital … [+2397 chars]"
"{'id': None, 'name': 'taz.de'}",Hannes Koch,Kapitalertragssteuer oder was: Da freut sich die Bitcoin-Gemeinde,"Die Bundesregierung erwägt, Krypto-Finanzanlagen anders zu besteuern. Grüne und Linke bringen Initiativen in den Bundestag ein.",https://taz.de/Kapitalertragssteuer-oder-was/!6178670/,https://taz.de/picture/8435315/1200/41131106.jpeg,2026-05-12T15:53:00Z,"Die Bundesregierung erwägt, Krypto-Finanzanlagen anders zu besteuern. Grüne und Linke bringen Initiativen in den Bundestag ein. mehr..."
"{'id': None, 'name': 'CoinDesk'}",Shaurya Malwa,Strategy pauses bitcoin buys before Tuesday earnings,"Michael Saylor says the company will resume purchases next week, but the pause lands as analysts focus on losses and the growing complexity of Strategy’s preferred-stock funding machine.",https://www.coindesk.com/business/2026/05/04/strategy-pauses-bitcoin-buys-before-tuesday-earnings,https://cdn.sanity.io/images/s3y3vcno/production/8a5dba87ad94ba079e2f4c60317ed8bbef4fb85e-1920x1080.png?auto=format&w=960&h=540&crop=focalpoint&fit=clip&q=75&fm=jpg,2026-05-04T05:14:53Z,"Strategy is taking a breather from buying bitcoin.
Michael Saylor said Sunday the company would not add to its bitcoin holdings this week, pausing its regular purchase program ahead of Tuesdays firs… [+2562 chars]"
"{'id': None, 'name': 'CoinDesk'}",Omkar Godbole,Clarity Act markup leaves bitcoin unstirred,"The day ahead in crypto: May 14, 2026",https://www.coindesk.com/daybook-us/2026/05/14/clarity-act-markup-leaves-bitcoin-unstirred,https://cdn.sanity.io/images/s3y3vcno/production/01c91bc3b572d3fa729dbeab3c0da632ed261d7f-1500x1000.jpg?auto=format&w=960&h=540&crop=focalpoint&fit=clip&q=75&fm=jpg,2026-05-14T11:26:43Z,"This is an excerpt from CoinDesk newsletter 'Daybook.'Sign up here, if you haven't already.
The week's main event for digital assets, the U.S. Clarity Act markup, is due later today. The crypto mark… [+3210 chars]"
"{'id': None, 'name': 'Yahoo Entertainment'}",,Better Buy: Bitcoin (BTC) or Bittensor (TAO)?,,https://consent.yahoo.com/v2/collectConsent?sessionId=1_cc-session_79ae69e2-b22c-48ab-ae96-fb439806e09b,,2026-04-18T19:01:00Z,"If you click 'Accept all', we and our partners, including 251 who are part of the IAB Transparency &amp; Consent Framework, will also store and / or access information on a device (in other words, us… [+1046 chars]"
"{'id': None, 'name': 'Yahoo Entertainment'}",,Morning Minute: Saylor's $2.54B Buy Buoys Bitcoin,,https://consent.yahoo.com/v2/collectConsent?sessionId=1_cc-session_aa50d78d-10a6-4fc6-9d35-a0157fd3b506,,2026-04-21T11:51:42Z,"If you click 'Accept all', we and our partners, including 250 who are part of the IAB Transparency &amp; Consent Framework, will also store and / or access information on a device (in other words, us… [+1046 chars]"
"{'id': None, 'name': 'Yahoo Entertainment'}",,Bitcoin: Still the Strongest Moat in Crypto,,https://consent.yahoo.com/v2/collectConsent?sessionId=1_cc-session_762116f9-3fde-4ddd-b79b-3516cdadb14b,,2026-04-21T10:02:00Z,"If you click 'Accept all', we and our partners, including 250 who are part of the IAB Transparency &amp; Consent Framework, will also store and / or access information on a device (in other words, us… [+1046 chars]"
"{'id': None, 'name': 'Yahoo Entertainment'}",,Bitcoin Heads For Fourth Weekly Gain,,https://consent.yahoo.com/v2/collectConsent?sessionId=1_cc-session_bc254a44-eb63-426e-96e6-03a1b06e1d3f,,2026-04-24T13:53:00Z,"If you click 'Accept all', we and our partners, including 250 who are part of the IAB Transparency &amp; Consent Framework, will also store and / or access information on a device (in other words, us… [+1046 chars]"
"{'id': None, 'name': 'Yahoo Entertainment'}",,CryptoQuant CEO Warns Bitcoin Demand Imbalance,,https://consent.yahoo.com/v2/collectConsent?sessionId=1_cc-session_80b9cdc6-b4c7-45ab-8595-4e5dbc42d3c8,,2026-04-27T12:04:32Z,"If you click 'Accept all', we and our partners, including 250 who are part of the IAB Transparency &amp; Consent Framework, will also store and / or access information on a device (in other words, us… [+1046 chars]"
"{'id': None, 'name': 'Yahoo Entertainment'}",,Where Will Bitcoin Be in 3 Years?,,https://consent.yahoo.com/v2/collectConsent?sessionId=1_cc-session_45915758-cec3-4127-b6e0-db3811df4a95,,2026-04-29T21:57:00Z,"If you click 'Accept all', we and our partners, including 250 who are part of the IAB Transparency &amp; Consent Framework, will also store and / or access information on a device (in other words, us… [+1046 chars]"
"{'id': None, 'name': 'Yahoo Entertainment'}",,Where Will Bitcoin Be in 5 Years?,,https://consent.yahoo.com/v2/collectConsent?sessionId=1_cc-session_c91c81d0-0bed-4d29-b575-ef2efde4cc2e,,2026-04-19T10:35:00Z,"If you click 'Accept all', we and our partners, including 251 who are part of the IAB Transparency &amp; Consent Framework, will also store and / or access information on a device (in other words, us… [+1046 chars]"
"{'id': None, 'name': 'Yahoo Entertainment'}",,"Could Bitcoin Actually Hit $200,000 Before 2028?",,https://consent.yahoo.com/v2/collectConsent?sessionId=1_cc-session_69b6359f-b36a-4677-8fb3-01b7d707113c,,2026-04-18T07:25:00Z,"If you click 'Accept all', we and our partners, including 251 who are part of the IAB Transparency &amp; Consent Framework, will also store and / or access information on a device (in other words, us… [+1046 chars]"
